﻿<?xml version="1.0" encoding="utf-8"?>
<DownloadTask>
  <ProjectInfo
    DeviceVersion="14.0.1.0"
    CreationTime="2022-07-08 08:35:52 (UTC)"
    Runtime="COLORADO"
    RtProjectName="conveyor scada.PC station[SIMATIC PC station - WinCC RT Advanced]"
    RtProjectFolderName="conveyor scada.PC station[SIMATIC PC station - WinCC RT Advanced]"
    DeviceType="PC-OP"
    DisplayOrientation="0"
    RTReleaseNo="14.0.1.0"
    ImageReleaseNo="14.0.1.0"
    RTCV="14.0.1.0"
    PRCV="14.0.1.0"
    FirmwareFileName=""
    RuntimeFileName=""
    RuntimeAddonFolderName="" />
  <FullDownload>pdata.fwc</FullDownload>
  <FullDownload
    type="ADMINDATA">pdata.pwx</FullDownload>
  <FullDownload>pdata.tfz</FullDownload>
  <FullDownload>ProjectSettings.hsf</FullDownload>
  <License
    type="WCRT011300">WinCC RT Advanced (128)</License>
</DownloadTask>